{
  "CalibrationInformation": {
    "Cameras": [
      {
        "Intrinsics": {
          "ModelParameterCount": 14,
          "ModelParameters": [
            0.50506317615509033,
            0.51044702529907227,
            0.49250051379203796,
            0.49251702427864075,
            1.193981409072876,
            0.65378069877624512,
            0.035178389400243759,
            1.5305112600326538,
            0.99844580888748169,
            0.18247707188129425,
            0,
            0,
            4.8451307520736009e-5,
            -0.00020136285456828773
          ],
          "ModelType": "CALIBRATION_LensDistortionModelBrownConrady"
        },
        "Location": "CALIBRATION_CameraLocationD0",
        "Purpose": "CALIBRATION_CameraPurposeDepth",
        "MetricRadius": 1.7399997711181641,
        "Rt": {
          "Rotation": [1, 0, 0, 0, 1, 0, 0, 0, 1],
          "Translation": [0, 0, 0]
        },
        "SensorHeight": 1024,
        "SensorWidth": 1024,
        "Shutter": "CALIBRATION_ShutterTypeUndefined",
        "ThermalAdjustmentParams": {
          "Params": [0, 0, 0, 0, 0, 0, 0, 0, 0, 0, 0, 0]
        }
      },
      {
        "Intrinsics": {
          "ModelParameterCount": 14,
          "ModelParameters": [
            0.49866631627082825,
            0.50889438390731812,
            0.47901439666748047,
            0.63846969604492188,
            0.71862697601318359,
            -2.9782679080963135,
            1.6549546718597412,
            0.59555667638778687,
            -2.7999787330627441,
            1.5823843479156494,
            0,
            0,
            -0.00018810530309565365,
            0.000752769410610199
          ],
          "ModelType": "CALIBRATION_LensDistortionModelBrownConrady"
        },
        "Location": "CALIBRATION_CameraLocationPV0",
        "Purpose": "CALIBRATION_CameraPurposePhotoVideo",
        "MetricRadius": 0,
        "Rt": {
          "Rotation": [
            0.99999725818634033,
            0.00052558624884113669,
            -0.0022803174797445536,
            -0.00030394221539609134,
            0.9953685998916626,
            0.096131652593612671,
            0.002320281695574522,
            -0.096130698919296265,
            0.99536603689193726
          ],
          "Translation": [
            -0.03210507333278656,
            -0.0020845856051892042,
            0.0039979261346161366
          ]
        },
        "SensorHeight": 3072,
        "SensorWidth": 4096,
        "Shutter": "CALIBRATION_ShutterTypeUndefined",
        "ThermalAdjustmentParams": {
          "Params": [0, 0, 0, 0, 0, 0, 0, 0, 0, 0, 0, 0]
        }
      }
    ],
    "InertialSensors": [
      {
        "BiasTemperatureModel": [
          -0.00187328876927495,
          0,
          0,
          0,
          0.02749013714492321,
          0,
          0,
          0,
          0.05741645023226738,
          0,
          0,
          0
        ],
        "BiasUncertainty": [
          9.9999997473787516e-5,
          9.9999997473787516e-5,
          9.9999997473787516e-5
        ],
        "Id": "CALIBRATION_InertialSensorId_LSM6DSM",
        "MixingMatrixTemperatureModel": [
          0.99524623155593872,
          0,
          0,
          0,
          0.0021334807388484478,
          0,
          0,
          0,
          0.007118837907910347,
          0,
          0,
          0,
          0.0020952180493623018,
          0,
          0,
          0,
          1.0133754014968872,
          0,
          0,
          0,
          0.0023324827197939157,
          0,
          0,
          0,
          0.0070851994678378105,
          0,
          0,
          0,
          0.0023638552520424128,
          0,
          0,
          0,
          0.99997234344482422,
          0,
          0,
          0
        ],
        "ModelTypeMask": 16,
        "Noise": [
          0.00095000001601874828,
          0.00095000001601874828,
          0.00095000001601874828,
          0,
          0,
          0
        ],
        "Rt": {
          "Rotation": [
            -0.014458786696195602,
            0.11292845010757446,
            -0.993497908115387,
            -0.99989378452301025,
            -0.0034517417661845684,
            0.014159517362713814,
            -0.0018302859971299767,
            0.993597149848938,
            0.11296636611223221
          ],
          "Translation": [0, 0, 0]
        },
        "SecondOrderScaling": [0, 0, 0, 0, 0, 0, 0, 0, 0],
        "SensorType": "CALIBRATION_InertialSensorType_Gyro",
        "TemperatureBounds": [5, 60],
        "TemperatureC": 0
      },
      {
        "BiasTemperatureModel": [
          0.155036062002182,
          0,
          0,
          0,
          0.203217014670372,
          0,
          0,
          0,
          -0.253574401140213,
          0,
          0,
          0
        ],
        "BiasUncertainty": [
          0.0099999997764825821,
          0.0099999997764825821,
          0.0099999997764825821
        ],
        "Id": "CALIBRATION_InertialSensorId_LSM6DSM",
        "MixingMatrixTemperatureModel": [
          0.99471825361251831,
          0,
          0,
          0,
          -0.0011881798272952437,
          0,
          0,
          0,
          -0.0023177142720669508,
          0,
          0,
          0,
          -0.0011914705391973257,
          0,
          0,
          0,
          0.99196702241897583,
          0,
          0,
          0,
          0.0012350744800642133,
          0,
          0,
          0,
          -0.0023225259501487017,
          0,
          0,
          0,
          0.0012342203408479691,
          0,
          0,
          0,
          0.99265760183334351,
          0,
          0,
          0
        ],
        "ModelTypeMask": 56,
        "Noise": [
          0.010700000450015068,
          0.010700000450015068,
          0.010700000450015068,
          0,
          0,
          0
        ],
        "Rt": {
          "Rotation": [
            -0.0012049194192513824,
            0.10893046855926514,
            -0.99404865503311157,
            -0.99999475479125977,
            -0.0031228770967572927,
            0.00086991384159773588,
            -0.0030095316469669342,
            0.99404448270797729,
            0.10893365740776062
          ],
          "Translation": [
            -0.051209971308708191,
            0.0033332363236695528,
            0.00152447703294456
          ]
        },
        "SecondOrderScaling": [0, 0, 0, 0, 0, 0, 0, 0, 0],
        "SensorType": "CALIBRATION_InertialSensorType_Accelerometer",
        "TemperatureBounds": [5, 60],
        "TemperatureC": 0
      }
    ],
    "Metadata": {
      "SerialId": "000088594912",
      "FactoryCalDate": "12/4/2019 8:26:11 AM GMT",
      "Version": {
        "Major": 1,
        "Minor": 2
      },
      "DeviceName": "AzureKinect-PV",
      "Notes": "PV0_max_radius_invalid"
    }
  }
}
